{
  "TestDeck": [
    {
      "name": "Dragon",
      "faction": "",
      "values": {
        "north": 7,
        "east": 4,
        "south": 6,
        "west": 3
      }
    },
    {
      "name": "Phoenix",
      "faction": "",
      "values": {
        "north": 3,
        "east": 8,
        "south": 2,
        "west": 5
      }
    },
    {
      "name": "Golem",
      "faction": "",
      "values": {
        "north": 6,
        "east": 5,
        "south": 7,
        "west": 4
      }
    }
  ]
}
